average_salary,Industry
1.60773754998224e+19,Publishing
1.56000600000026e+19,Freight Logistics
1.01062505000583e+16,Event Planning
1.80000130400002e+15,Tech and Consumer Devices
1.00000200004e+15,Sales - Fragrance & Cosmetics
701113145209944.0,Communications
159918093768712.0,Tech
65384708640649.2,Biotech/Pharma
58000200038000.0,Events/Hospitality
48000540007000.0,fleet service
21666690410527.9,Biotech
16380105030000.0,mall retail
14363915784930.3,Healthcare
11223847204960.2,Administration
4333356739433.0,Wealth Management
2916677899962.27,Investment Management
2152494426168.4,Software
1741823666324.13,Financial Services
785718883000.0,Senior Living
250000750000.0,High Tech Software
225000533000.0,Textbook Publishing
196001084200.0,Research / Consulting
116000726550.36,Healthcare non-profit
90000110000.0,Light rail ( train)
90000100000.0,Lab equipment
89206799572.6667,Oil & Gas
87500170000.0,DTC E-commerce apparel brand
85000100000.0,"Film, Visual Effects Production"
75000125000.0,Film & TV Production
73175090393.4031,Law
63333488666.6667,Home furnishings
62583846482.3125,Social Work
50000100000.0,Art and Publishing
50000097922.0,Social Media
29554037721.1364,Veterinary medicine
27733412883.3333,Business Intelligence/ICT
20794249098.6165,Marketing
13951423021.3506,Pharmaceutical
12900041000.0,Steel building manufacturing
11842363600.5856,Nonprofit
11502040000.0,Child Care/Early Childhood Education
11000068000.0,Biotech/small pharma
10891531022.6225,Third Sector
8263955537.23247,Finance
5233455833.33333,Cloud Computing
5000020000.0,Legal Research
4200056000.0,Tech sales for nonprofits
4000065000.0,Water and Wastewater Supplies
4000020000.0,Telecommuications
3900045000.0,Cargo tank manufacturing
3667856666.66667,Retirement Administration
3120037440.0,Forestry regulator
3066709000.0,Media Sales
2915217334.23151,Not for profit
2700056403.75,Building Automation
2182493722.94545,Software Sales
2100037500.0,Theater/Performing Arts
2012006844.93878,Commercial Real Estate
1754580036.35088,Civil Engineering
1700055160.0,Retail Management
1568750249.61854,Architecture
1516925228.86364,Energy
1232637217.16933,Construction
1117725848.57143,Automotive Sales
1046040138.36364,Specialty Chemicals
1000095764.28571,Film and Television
918001013.0,Credit Bureau
890074297.148,Food
875004200.0,Pharma advertising
785833485.342857,Biotechnology
728065000.0,Gaming- Casino Table Games
697820137.864551,Academia
691096396.406667,Allied Health
602214073.609375,Oil and Gas
551945395.593104,Healthcare Finance
475879977.007672,IT
370001785.0,Phone customer service/phone tech support
320000016.0,Food service/retail
284491458.973721,Education
260940734.782609,Staffing
234353081.085714,Book Publishing
228048000.0,Childcare (corporate office though)
181549500.0,Computer Consultant
176781777.269608,Pharma
173296862.142857,Legal Services
168034000.0,Animal Care/Research
166726477.208333,Academic Publishing
147115294.117647,Veterinary
141971299.202703,Market Research
134609768.222577,Local Government
82534500.0,Extension (university) - agriculture
80021500.0,Brewing
74737357.7910448,Electrical
72432712.0383234,Telecommunications
70000000.0,Aerodpace
64416039.5,Art museum
64356859.7142857,Media Production
54966056.3542424,Utility
48150486.8021277,Professional Services
45403818.7169811,Museums
42377601.4124341,Legal
36718872.0,Corporate Finance
32567125.0,Tech Recruiting
27600000.0,TEFL
26017107.9457895,Healthcare Research
25000000.0,ATM Industry
22254679.6363636,Childcare
19325210.3492064,Fintech
18915728.6637,Engineering
18800034.496996,Advertising
15682219.0,Consumer Software & Hardware
14522000.0,Data and technology
12880000.0,Equipment Supplier
12522420.0,Expert Networking
12300020.0,Biotech Venture Capital
12100000.0,FinReg
11524945.0,Judiciary (Gov't.)
11221348.5714286,Healthcare/ Long Term Care
10960000.0,Uk Film Industry
10700000.0,IT for a B2B services company
10500000.0,Car and Technology
9900000.0,Design/Engineering
9742588.56923077,Logistics
9600000.0,early intervention pediatric therapy
9373421.42857143,Video Production
9031000.0,Power Utility
9000000.0,Sign
8500000.0,Tech Security
8456678.33333333,IT Management
8387700.0,US Navy-civil servant
8300000.0,Union
8300000.0,Trade shows and conventions
8260000.0,NGO/Advocacy
8200000.0,Revenue Cycle Management
8050000.0,Traffic
8000000.0,Electical Energy
7800000.0,Ad Tech/MarTech
7400000.0,Laser / Electro-Optics
6800000.0,Midstream Oil & Gas Transportation
6700000.0,Esports
6552500.0,Retail/Fashion Apparel
6500000.0,railcar repair
5990000.0,Grocery/Foodservice (Wholesale)
5800010.0,Gaming - Lottery
5799442.69230769,Recruiting
5785007.5,Tech/SaaS
5730000.0,Assisted living
5535674.66666667,Material Sciences
5500000.0,Online Payments
5480000.0,Medical Social Work
5421221.5,Federal Employee
5372304.0,planning and constructing
5095000.0,Oilfield Service
5050094.0,Charity fundraising
5000000.0,Workers Compensation Health Care
5000000.0,DIstrict Attorneys Office
4902500.0,Tribal Government
4834814.0,Research / Finance
4800000.0,Foreign Exchange
4795000.0,Relocation/Global Mobility
4452500.0,Further and Higher Education
4438367.0,Postal
4400000.0,Cabinet
4322500.0,NFP Cultural Institution
4275067.0,Garbage
4153050.0,Independent Contractor
4146649.22580645,Food Service
3926000.0,Law/Legal
3913485.5,Legal Technology
3856200.0,Science and Engineering
3774724.0,Pet Hardgoods
3568531.0,Leave of Absence Management
3551610.0,Equipment
3536250.0,Tax Consulting
3402333.33333333,Veterinary Healthcare
3396250.0,Wine & Spirits
3371653.33333333,Clergy
3368000.0,Nursing/healthcare
3175000.0,Plumbing
3034764.54545455,Printing
3014000.0,Arts / Theatre / NFP
2964888.94823529,Technology - Software
2923408.75,Charity retail
2908295.0,Apparel and Footwear
2662500.0,Motion Pictures
2662400.0,Retirement Community
2545958.0,State Govenment
2502869.88888889,Wholesale
2347531.56615385,FMCG
2264433.33333333,Economic Development
2250002.0,Fitness Gym
2237000.0,Govt
2175408.57142857,Medical Equipment
2127002.31578947,Academic science
2008611.11111111,Real Estate Investment
2005000.0,Criminal Justice
2000007.0,Garbage collection
1986000.0,Municipal
1902750.0,Cultural Exchange
1902560.8,Automotive Dealership
1885333.33333333,Retail tech
1844000.0,Healthcare (Hospital)
1814600.0,Advancement
1784071.42857143,Railroad
1776250.0,Private school
1761750.0,Textile
1756750.0,Law firm
1748692.5,Defense/Aerospace
1713949.33333333,Community services
1688250.0,Self employed
1685149.13333333,CG
1674175.0,Real Estate Development
1661841.66666667,Animation
1655354.05405405,Healthcare Software
1616449.16666667,Labor Union
1573582.05555556,Law Enforcement
1566415.275625,Ecommerce
1563127.66666667,Public University
1518200.0,Retail (food co-op)
1495904.815,Rail
1494500.0,Digital
1458091.0,Pensions
1443077.42181818,Packaging
1400737.89054326,Insurance
1397333.33333333,Outdoor industry
1381933.33333333,Music Industry
1371830.0,Research and Development
1336555.55555556,Biopharmaceuticals
1324441.14285714,Online Retail
1308000.0,Health & Beauty
1299200.0,Venture Capital
1292841.725,Medicine
1288000.0,Casino
1286022.75,Asset Management
1276951.07142857,Broadcast
1250262.28571429,Intellectual Property
1218355.83333333,Research (academia)
1200712.0,Debt Collection
1200000.0,Heating and air
1191700.0,Public Transit
1176142.85714286,Business Consulting
1170500.0,Radio Broadcasting
1162126.82352941,Dental
1111890.36363636,Automotive Retail
1077916.24347826,Post-Secondary Education
1065892.625,Secondary Education
1027700.0,Bar/Restaurant
1003933.33333333,Print
1000000.0,Basic materials
959700.0,Emergency Management - Government
936066.666666667,Medical Libraries
920000.0,Highly-engineered Industrial
918126.25,Wastewater
911296.363636364,DoD Contractor
887768.947368421,University education
886317.46875,Municipal Government
885400.0,Supply chain management
876204.0,Affordable Housing
841703.369551282,Medical Devices
822637.166666667,University
812175.36,Audit
808509.12,Military
791888.181818182,Digital Advertising
771538.718888889,Library
760853.578947368,Theatre
740512.4,Charity (Non Profit)
724016.0,IT Security
697678.888888889,Food and Beverage
689342.588235294,HVAC
660005.0,Medicare insurance
654922.194431555,Retail
607453.636363636,Water
600000.0,Hedge Fung
600000.0,Health Indurance
582287.729032258,Environmental Consulting
555900.0,Archaeology
554386.888888889,Distribution
550000.0,Trading
548771.428571429,Credit Union
542900.0,Photography
536451.988307692,Sales
536038.333333333,Residential Construction
532062.108333333,Design
527595.125,Computers
519213.157894737,CPG
517435.866666667,Health Insurance
515682.727272727,Film
503818.829285714,Education/Publishing
501859.375,Performing Arts
500000.0,Legal - AmLaw 100 Firm
500000.0,Heatlcare
479611.538461538,Mortgage
476279.722222222,Food Manufacturing
472886.869565217,Property Management
471308.685714286,Security
464547.857142857,Web Development
453644.247241509,Entertainment
444114.285714286,Newspaper
425000.0,Physician
420967.378378378,Clinical Research
420000.0,Adult Film
414173.318955043,Technology
404152.719167534,Government
400000.0,Tech Hardware Sales
400000.0,Freedom
380041.333333333,K-12 Education
378167.358095238,Civil Service
378138.198224852,Information Technology
378097.846534653,Real Estate
377359.615384615,Medical Research
375008.0,faith-based nonprofit
374077.858899676,Banking
368053.529361702,Health
367595.333333333,Biomedical Research
365875.416206897,Defense
355890.0,Teaching
353409.189189189,Mining
350000.0,RV
349035.246576577,Healthcare IT
347920.005780347,Transportation
347206.357142857,Education Technology
333800.0,Attorney
332446.694827586,Federal Government
331318.181818182,Arts Administration
323554.0,Petrochem
322783.675,Human Resources
322584.285714286,Restaurants
320000.0,Nuclear Demolition
318954.821428571,Defense Contracting
315000.0,Law (BigLaw)
313195.368794326,Public Library
312865.0,Tax and Accounting
310000.0,Security GRC
308078.205128205,Semiconductor
306969.090909091,Educational Technology
304633.604166667,Electronics
300000.0,Vocational Rehabilitation
300000.0,Solar Sales
300000.0,Phamaceuticals
300000.0,Music label
300000.0,Capital human solutiond
300000.0,Branded Content/Publishing
297500.0,Food Distribution
295568.0,Rent To Own
295388.679012346,Aviation
294583.35483871,Utilities
290000.0,Recyling Industry
288962.0,Biology - Academia
287620.149733333,Mental Health
286000.0,Live Events
280000.0,Police
280000.0,Blockchain
275000.0,Travel tech
275000.0,Finacne
274271.116885246,Libraries
270000.0,Taxation and accounting
270000.0,Mobile devices
268485.034482759,Pharmacy
265548.703703704,Service
251082.303030303,Public Education
250423.333333333,Human Services
250000.0,Silicon engineering
250000.0,Service Businesses
250000.0,Law (Boutique Firm)
250000.0,Design/Marketing/Advertising
250000.0,Dental care
250000.0,Concert Touring
245000.0,Law (Big law firm)
245000.0,Hardware
243700.819512195,Journalism
241995.979835796,Manufacturing
240626.392561983,Hospitality
240352.991150442,International Development
240000.0,Marketint
240000.0,Floral
240000.0,Auto parts
238000.0,Cyberspace
237829.0,Television
237385.311052632,Academic Libraries
235000.0,Fashion Footwear
234675.066909754,Higher Education
234058.63559322,State Government
227920.301886792,Education Non-profit
225712.88590604,Higher Ed
225000.0,HR Software
220000.0,Mgmt Consulting
217000.0,Technical
216000.0,Video Game
216000.0,Foundation
215500.0,EPM
215333.333333333,Technology / Finance
215000.0,Retail NIKE
215000.0,"MIL-Aero, Space interconnects"
215000.0,Genealogy
212550.0,Pharma R&D
211213.144827586,Grocery
210000.0,b2b SaaS software
210000.0,Video gaming/Entertainment
210000.0,Promotions
210000.0,Powerline Construction
210000.0,Computer Storage Device Manufacturer
210000.0,Chip design
207744.847435897,Customer Service
207000.0,law (transactional attorney)
206000.0,Self-Driving
206000.0,Business Solutions
205666.666666667,Artificial Intelligence
205553.269230769,Digital Marketing
205500.0,Digital Msidia
205000.0,New Construction
205000.0,K-12 Public Education
202574.496935484,Social Services
200714.285714286,Heathcare
200000.0,YouTuber
200000.0,USG
200000.0,TV/Film/Content
200000.0,Lawyer in med device
200000.0,Interior products
200000.0,IC DESIGN
200000.0,Diagnostics
200000.0,Crude Terminal
200000.0,Ad Agency
195833.333333333,Dentistry
195000.0,Video Game Industry
195000.0,Microelectronics
195000.0,Food management
193575.0,Housing
193000.0,Robotics - Automation
192500.0,Tech - IT department of national insurance company
191944.444444444,Pet care
190348.880597015,Financial
190000.0,Outdoor Equipment
189000.0,Wireless telecommunications
187666.666666667,Web Services
187333.333333333,Science and Technology
187200.0,Commodities Trading
187000.0,Refining
185000.0,Steel Manufacturing
185000.0,Orthotics and Prosthetics
185000.0,Law (in-house)
184397.24,Airline
184033.333333333,E-commerce technology
184000.0,Retail (small business)
182941.574074074,Medical
180000.0,Tech (Social)
180000.0,Special Events
180000.0,Network Telecom
180000.0,Medical lab equipment
180000.0,Autonomous Vehicles
179054.703125,Accounting
178750.0,Home building
177996.263414634,Aerospace
177600.0,Floor laying
175539.911764706,High Tech
175000.0,campground sales / camping pgs.
175000.0,Web Domains
175000.0,National Laboratory
175000.0,Job Search
175000.0,Freelance
175000.0,Defense & Security
174999.655072464,Consulting
174634.833333333,Media and Entertainment
174600.0,Computer technology
172000.0,Military medical
170046.952345679,Media
170000.0,Home insurance
170000.0,HCM Software
170000.0,Engineered thermoplastics
170000.0,Data solutions
170000.0,B to B
169000.0,Tech / Ecomm
168500.0,Back
168333.333333333,Merchant Services
166333.333333333,Cyber
165500.0,Renewable Technology
165000.0,refractory
165000.0,Tech company
165000.0,Storage
165000.0,Receational vehicle sales
165000.0,Outdoor Amusement
165000.0,Mulitnational Manufacturing Conglomerate
165000.0,Embedded Electronic System
165000.0,Clean Tech
165000.0,Auto Racing and Tuning
165000.0,Audio electronics
164400.0,mobile game advertising
163500.0,Mobile Messaging Technology -SaaS
163333.333333333,Biopharma
162657.876,Museum
162228.0,Telecoms
162125.0,Computer Engineering
162068.785714286,Consumer Electronics
162000.0,Media - Diversified
162000.0,Law / Litigation
161000.0,"Social Sector (nonprofits, philanthropy)"
160000.0,Techn
160000.0,Steel mill
160000.0,Ship repair
160000.0,Sales and Management
160000.0,SW engineering
160000.0,Oil plants
160000.0,Defence/Telecom/Medical
160000.0,Biotechs
159250.0,Private
158000.0,Finical
158000.0,Facilities Operation
155500.0,Strategy consulting
155000.0,IT - Manufacturing
155000.0,Customer Experience Design
155000.0,Cloud Infrastructure
155000.0,Cloud
154666.666666667,Consumer Technology
154600.0,Data Science
154500.0,Label and Packaging
153500.0,High-tech manufacturing
151833.333333333,Chemicals
151250.0,B 2 B Services
150560.0,Produce
150000.0,embedded circuit design
150000.0,Web analytics
150000.0,Telecom/Cloud
150000.0,Sexwork
150000.0,Refurbished IT Equipment
150000.0,Post production
150000.0,Mobile Apps
150000.0,Insuatrial
150000.0,Info security
150000.0,IT/Federal Contracting
150000.0,High Tech. Networking equipment
150000.0,Fabrication
150000.0,Data and analytics
150000.0,Bookkeeping
150000.0,Biotech Startup
150000.0,Batteries
149530.961538462,Software Engineering
149000.0,Dept of Defense
148800.0,Aero
148700.0,Commodities
148000.0,Service industry
147500.0,Sales Employement
146171.428571429,Health tech
145140.0,Management
145000.0,mortgage lending
145000.0,Service (law)
145000.0,Retail - Big Data
145000.0,Military (USAF)
145000.0,Forensic Accounting
145000.0,Food flavor industry
144947.368421053,Private Equity
144800.0,Cloud Software
144000.0,Pharma/biotech
144000.0,Oil/Energy
144000.0,Law/Professional Services
144000.0,IT/Media & Entertainment
144000.0,Home Construction
144000.0,Hardware Tech
143500.0,Coatings
143099.333333333,Software/Games
142666.666666667,Tech Sales
142625.0,Film/Video Production
142588.141025641,Public Accounting
142000.0,Domestic staffing
141500.0,Wireless
141333.333333333,Computer Security
141000.0,Satellite technology
141000.0,Chemicals Manufacturing
141000.0,Business Equipment and software solutions
140666.666666667,Network Security
140485.0,Ad Technology
140000.0,Tech/ fintech
140000.0,Tech (Adtech startup)
140000.0,Pump Industry
140000.0,Publisher
140000.0,People Analytics
140000.0,OEM Equipment
140000.0,Nuclear medicine
140000.0,Military education
140000.0,Marine/Dredging
140000.0,Imports
140000.0,IT Training
140000.0,IT / Telecom
140000.0,IT - Real Estate
140000.0,Hydrography
140000.0,Green Energy
140000.0,General Insurance
140000.0,Federal Budget
140000.0,Alcohol beverages
140000.0,AV Freelance
139700.0,Consumer
139000.0,Satellite Communications
139000.0,Retired now
139000.0,Medical credentialling
138142.857142857,Landscape Architecture
138058.0,Project Management
137000.0,Tech (mainly fintech)
137000.0,Iibraries
137000.0,Game Industry
136328.0,Hardware engineering
136250.0,Med Device
136240.0,Retail Healthcare
135800.0,oil logistics
135333.333333333,Software - Fintech
135000.0,medical data
135000.0,Uniform rental
135000.0,Trade Publications
135000.0,Talent Development
135000.0,Strawberry
135000.0,Pharma sales
135000.0,Automotive Electronics
134460.0,Tech Industry
134400.0,Finance/marketing
134000.0,Utility Electric Power
134000.0,Technolo
134000.0,Nuclear Power
134000.0,Insurace
133555.555555556,news media
133505.5,Law (government)
133485.882352941,IT Services
133250.0,Direct to consumer retail
133050.0,Enterprise Software
133000.0,Trailer dealership
132000.0,Lasers
131706.75,Computer Software
131000.0,Optical Networking
131000.0,Credit Card Processing
131000.0,Consumer and Professional Electronics
130568.214285714,Management Consulting
130513.333333333,Technical services
130261.538461538,Gaming
130000.0,Visual Arts
130000.0,User interface web design
130000.0,Trchnology
130000.0,Retail/Wholesale
130000.0,Outsourcing
130000.0,Health & Wellness
130000.0,Ecom
130000.0,Biotech Sales
130000.0,Biotech / Genomics
129634.1,Public Health
128627.0,Human Capital Management
128400.0,Med Tech
128333.333333333,Economic Consulting
128000.0,Change Management Consulting
127766.666666667,Trucking
127750.0,Direct Marketing
127440.0,Chemical distribution
127000.0,Talent Management
127000.0,Infrastructure
127000.0,Attractions
126500.0,Website & Digital Design
126500.0,Vaccine Manufacturing
126500.0,Solid Waste
126500.0,Retail Point of Sale
126240.0,Business coaching
126000.0,Mobile
125225.0,B2B SAAS
125000.0,Tech / non profit
125000.0,Software Research and Development
125000.0,Security Management
125000.0,Pulp & Paper
125000.0,Pipeline
125000.0,Network Hardware
125000.0,Media (TV Advertising)
125000.0,Law (academia)
125000.0,Funding Agency
125000.0,Evaluation & Research (non-profit)
125000.0,Custom Integration
125000.0,Costruction
124433.333333333,Gov't consulting
124397.142857143,Computer
124142.857142857,Coffee
124000.0,refinery
124000.0,Metals & Mining
124000.0,Goverment contractor
123879.5,Services
123844.057142857,Aerospace and Defense
123618.0,Defense Industry
123000.0,Business owner
122900.0,Appliance repair
122800.0,Big Data
122533.333333333,Corporate Training
122500.0,Legal/Law
122333.333333333,Tech/Software
122100.0,Mining processing
122000.0,FED GOV
121000.0,Tire/Automotive Industry
121000.0,Innovation
120750.0,Speech pathology
120166.666666667,Finance/Banking
120000.0,Website Design
120000.0,Water Infrastructure
120000.0,Tech/services
120000.0,Semiconduyor
120000.0,Security Equipment Manufacturing
120000.0,Security Contracting
120000.0,Practice Support
120000.0,Oil & Gas Services
120000.0,Mobile Gaming
120000.0,Legal\Ediscovery
120000.0,Law & Policy
120000.0,IT computers
120000.0,HR Solutions and Staffing
120000.0,Food & Consumer Goods
120000.0,Finance (Wealth Management)
120000.0,Explosives
120000.0,Dental supplies
120000.0,Deft
120000.0,Country Club
120000.0,Constrution
119826.666666667,HR / Tech
119700.0,Finance/REIT
119666.666666667,Finance for the industrial baking industry
119600.0,Public Utilities
119500.0,Process Engineering
119150.0,Petrochemical
119000.0,Utilities - Power
119000.0,Metal
119000.0,Govenment
119000.0,Big Science
118720.5,Analytics
118554.054054054,Consumer Goods
118500.0,Real Estste
118083.596638655,Software Development
118000.0,Website Development Consultancy
118000.0,Rail Passenger
118000.0,Mattress Sales
118000.0,Apparel + Footwear
117900.0,Packaging Materials and Equipment
117800.0,FURNITURE SALES
117500.0,Financial Research
117466.666666667,Hydro Power
117404.28,Renewable energy
117189.2,U.S. Government
117166.666666667,Senior Housing
117000.0,IT Technical Support
117000.0,Cyber threat intelligence
117000.0,Beverage Alcohol
116800.0,CPG Manufacturing
116752.360406091,Automotive
116640.0,Pharmaceutials
116444.052631579,Aerospace & Defense
116000.0,legal for a state agency
116000.0,Water sector / public utilities
116000.0,New Product Development
116000.0,IT/Retail
116000.0,Database marketing
116000.0,College
116000.0,B2B Software Sales
115691.428571429,Consumer Packaged Goods
115669.666666667,Metals
115306.666666667,Medical Sales
115000.0,acoustical engineering consulting
115000.0,Steel Fabrication
115000.0,Local County Government
115000.0,Estate Jewelry Sales
115000.0,Employee Benefits
115000.0,Digital information
115000.0,Casino Gaming
115000.0,Biotech consulting
114900.0,Custom content
114807.142857143,Computer Hardware
114655.0625,Telecom
114300.0,Biomedical
114000.0,Scientific instrument sales
114000.0,Sales--Non-Profit
113280.0,Railway vehicle manufacturing
113118.335,Computing
113000.0,Elementary Education
113000.0,Big Data Technology
112944.444444444,Oil
112800.0,"Tech, big data"
112500.0,IT - Healthcare Insurance
112500.0,Energy (Oil and Gas)
112500.0,Educarion
112500.0,Advanced composites
112273.152173913,Cyber Security
112250.0,Beverage
112200.0,Cable TV
112000.0,Prescription Benefit Management
112000.0,IT security software
112000.0,CPG - Consumer Packaged Goods
112000.0,Business & Technology
111847.0,Petroleum
111833.333333333,Tech/Healthcare
111521.87027027,IT Consulting
111164.545454545,Life Sciences
111031.25,Federal Contracting
111000.0,US Military
111000.0,Highway Engineering
110750.0,Nuclear Energy
110425.0,VFX
110057.894736842,Financial Technology
110000.0,edivatiom3
110000.0,Telcom Expense Management
110000.0,Tech/Urban Development
110000.0,Tech/Startups (Creative focused team)
110000.0,Security Technology
110000.0,Scientific Publishing
110000.0,Ruber Flooring
110000.0,Online sales
110000.0,IoT Devices
110000.0,IT Managed Services
110000.0,IT / web development
110000.0,General Aviation
110000.0,Elevator
110000.0,CAD/CAM
110000.0,Biochemistry- pharmaceuticals
110000.0,Aviation/Medicine
109864.090909091,Nuclear
109820.0,Lawn Care
109500.0,Reinsurance
109500.0,Missile Defense
109500.0,Flooring
109064.0,Contracting
109000.0,Scientific association
108750.0,Steam heating
108726.0,STEM-focused non-profit
108500.0,Power and Utilites Software
108000.0,Beauty CPG
108000.0,BSA/AML Compliance
107888.888888889,Online Media
107871.666666667,Technology/Automotive
107660.8,Retail (Corporate office)
107625.0,Finance & Investments
107500.0,Logistics & Distribution
107500.0,Facility Services
107500.0,Aviation manufacturing
107500.0,Airlines
107380.0,Location technology
107314.666666667,Business Development
107250.0,Finance and Technology
107000.0,radio astronomy
107000.0,Military Contracting
107000.0,Infotech
107000.0,"Higher Ed, Software"
107000.0,Govenrment
107000.0,Benefits
106627.0,"Space, Government"
106625.0,Power Generation
106533.333333333,Water Utility
106500.0,Staffing & Recruiting
106250.0,SASS / Technology
106200.0,Supranational organisation
106187.5,Commercial Construction
106000.0,Benefits Administration
105500.0,Oilfield
105333.333333333,Legal Industry
105214.285714286,US Federal Government
105000.0,home health
105000.0,Web publishing/Media
105000.0,Thermo Electrics
105000.0,Quasi-governmental economic research
105000.0,Media and ad tech
105000.0,MEP Firm
105000.0,Fixed Income Trading
105000.0,Fiancial institution
105000.0,E-discovery
105000.0,Content Service Provider
105000.0,Aviation/Telecom
105000.0,Analytical Chemistry
104900.9,Auto sales
104500.0,Politics/Government
104500.0,Heavy Industry/Manfuactruing
104500.0,Food Ingredients
104349.0,Fire service
104176.0,Legal - federal government
104091.818181818,Networking
104000.0,"Technology, Online Community"
104000.0,Security (federal govt contractor)
104000.0,Mental Heath/Education
104000.0,Gov Tech
104000.0,Database/textbook publishing
104000.0,Car Rental Industry
103666.666666667,Agribusiness
103554.0,EdTech
103300.0,AutoFinance
103104.615384615,Structural Engineering
103000.0,Primary Education
103000.0,Law/Finance
103000.0,Educatio
102866.666666667,Plastics
102600.0,Tech manufacturing
102500.0,Eye Care
102500.0,Conference production
102500.0,Brand / Marketing
102416.666666667,Health IT
102399.0,Gas and Oil Production
102142.857142857,Tech startup
102000.0,Utilities Engineering
102000.0,Tech/Cloud Computing Provider
102000.0,Spirits/Retail
102000.0,Big Four Accounting
102000.0,Aviation Support Services
102000.0,Academia - Private K-12
101772.412857143,University research
101666.666666667,Intelligent Transportation Systems
101592.0,Public Agency
101325.0,Gov't Contractor
101250.0,Ecosystem Restoration
101000.0,trade
101000.0,Tax/Legal
101000.0,In house legal dept
101000.0,Academia - Public Health
100789.62962963,Chemical
100650.0,Pulp and Paper
100500.0,Spring Manufacturing
100412.947368421,Chemical Manufacturing
100000.0,timeshare
100000.0,digital technology and advertising
100000.0,Warehouse maintenance
100000.0,Various
100000.0,User Experience
100000.0,Theatre Entertainment
100000.0,Tech / Speech Recognition
100000.0,Tech / Agriculture
100000.0,Tech - web development
100000.0,Structured Settlements
100000.0,Retail/CPG
100000.0,Retail Consulting
100000.0,Retail Automotive Tools
100000.0,Power Solutions
100000.0,Nuclear Contracting
100000.0,Legal / Insurance
100000.0,Laboratory Automation
100000.0,IT- Airline
100000.0,High tech service
100000.0,High Tech R&D
100000.0,Hdhsh
100000.0,HVAC Manufacturing
100000.0,Digital Publishing
100000.0,CBD Industry
100000.0,Business association
99900.0,IT Telecommunications
99500.0,Corrugated
99350.0,Commercial Property Management
99250.0,Benefits Consulting
99120.0,ngo education
99021.4285714286,Marine
99000.0,Tech (for HR)
99000.0,Recreational Vehicle sales
98985.5,Philanthropy
98436.0,Medical Manufacturing
98416.6666666667,Beverage Industry
98383.3333333333,Retired
98279.9166666667,Design Consultancy
98255.0,Games software development
98175.0,School services and recognition products
98028.5714285714,Compliance
98000.0,Religious leader
98000.0,Metal manufacturing
98000.0,IT Contracting
98000.0,Cruise Ship
97903.6666666667,Department of Defense - contractor
97850.0,Hotels/Hospitality
97825.0,Risk Management
97720.7159090909,Industrial
97666.6666666667,Business Process Improvement
97550.8333333333,SaaS
97500.0,Restoration
97500.0,Media - print newspaper
97222.2222222222,Material Handling
97120.0,Video Games
97025.0,Health technology
97000.0,Medical - IT
97000.0,Amusement
96900.0,Media / Professional Association
96792.1052631579,PR
96500.0,Heavy equipment
96211.6666666667,Mechanical Engineering
96200.0,Passive fire protection
96000.0,video game marketing
96000.0,Video Game Development
96000.0,Telecom Construction
96000.0,Science/database
96000.0,Retail/Hospitality
96000.0,Process Automation
96000.0,Political
96000.0,HEAVY DUTY
95900.0,Poker
95900.0,M&A
95693.5714285714,Training
95600.0,Furniture
95500.0,Federal defender
95200.0,Cannabis
95166.6666666667,Media Research
95000.0,Technology Recruiting
95000.0,Tech/Telecom
95000.0,Tech/ Internet
95000.0,Powersports
95000.0,Outdoor Sports
95000.0,Media/Publishing
95000.0,HVAC building engineer
95000.0,Finance/Advertising
95000.0,Film / TV
95000.0,Farming
95000.0,Digital solutions/web
95000.0,Coporate Finance
95000.0,Community Foundation
95000.0,Archiving/Tech
95000.0,Actuarial Consulting
94954.4,Web
94714.2857142857,Executive Search
94683.4545454545,Building materials
94517.3529411765,Business Services
94500.0,Tax Law
94400.0,footwear
94250.0,Talent Acquisition
94250.0,Managed Care
94000.0,Self-published writer
94000.0,Nursing/insurance
94000.0,Cosmetics / Consumer Goods
93837.0,Film Production
93833.3333333333,Sporting Goods
93560.0,Facilities
93500.0,Private law firm
93500.0,Fraud prevention
93333.3333333333,Corrections
93255.0,Banking & Technology
93037.5,Corporate Retail
93000.0,RF Engineering
93000.0,Power Systems
93000.0,Optometry
93000.0,Health & Fitness
93000.0,Big tech
93000.0,Automobile Dealership
92920.0,Mining and construction
92875.0,Clinical Trials
92800.0,Finance/Telecommunications
92562.5,R&D
92560.0,Commercial Insurance
92496.075862069,Public sector
92335.22,Healtcare
92262.5,Federal Libraries
92250.0,Film Industry
92174.0,Steel
92125.4545454545,Tax
92000.0,Wholesale Grocery
92000.0,US congress
92000.0,Real Estate / Construction
92000.0,Politics state level
92000.0,Arts & Media
91900.0,Package Manufacturing
91803.7730769231,Research
91790.0,Trust and company administration
91790.0,Digital services
91600.0,Lawyer
91375.0,oil refining
91287.9375,Corporate communications
91168.7096774193,Fashion
91000.0,State and Local Governement
91000.0,Aircraft Maintenance
90963.5,Hospitals / Healthcare
90602.8571428571,Finance/Accounting
90333.3333333333,Health and Disability Insurance
90220.0,Real Estate (Public Sector)
90030.0,Automation Engineering
90020.0,Facilities Management
90000.0,retail (multi-state chain)
90000.0,eClinical Software
90000.0,controls
90000.0,Test Preparation
90000.0,"Tech, Food & Beverage"
90000.0,Tech Innovation
90000.0,Social Enterprise
90000.0,Shipbuilding
90000.0,Sheet metal
90000.0,Retail/Apparel
90000.0,Operations
90000.0,OEM / Automotive / Automation
90000.0,Museum Exhibit Design
90000.0,Military officer
90000.0,Media/Entertainment
90000.0,Materials
90000.0,Market Reaearch
90000.0,Judiciary
90000.0,IT - State Government contractor
90000.0,Hotels / Food and Beverage
90000.0,Gaming/AR Technology
90000.0,Gaming Commission
90000.0,Fruit Packing
90000.0,Freight rail
90000.0,Fashion and apparel
90000.0,Computer Peripherals
90000.0,Bulk Material Handling
90000.0,Brokerage industry
89900.0,online legal news
89802.6923076923,DoD
89800.0,Sports Marketing
89710.0,Health Policy
89653.7777777778,Energy/Utilities
89533.3333333333,Freight
89500.0,Media/Technology
89500.0,Energy/Oil & Gas
89439.0,Health Science
89263.1261538462,Medical Education
89000.0,Legal - Private firm
89000.0,Helicopter EMS
88948.1333333333,Public Relations
88833.3333333333,Regulatory Affairs
88750.0,Digital Security
88570.0,Streaming Media
88500.0,Library--College
88474.6,UX Design
88453.3333333333,Domestic/Wine
88333.3333333333,Landscape
88190.0,Sportswear
88000.0,Spirits Importing
88000.0,Media/Marketing
88000.0,Managed Hosting
88000.0,HVAC Engineering Consulting
88000.0,Dietary Supplements
88000.0,Cosntruction
87885.4545454545,Financial - investments
87666.6666666667,Audio Visual (Commercial)
87595.0,Waste Services
87571.4285714286,Research & Development
87500.0,Tech/Media
87500.0,Tech/Databases
87500.0,Health & Benefits
87500.0,Env. Consulting
87500.0,Commodity Trading
87250.0,Paper Manufacturing
87200.0,Trades
87000.0,Packaged Food and Beverage
87000.0,Law - Public Interest
87000.0,Higher Ed / Health Care
87000.0,DOD Federal
87000.0,Big Pharma
86832.0,US Air Force
86575.0,Aerospace/Government
86553.3333333333,Financial Planning
86500.0,Chemical Industry
86300.0,High Technologu
86280.0,Bank
86050.0,Event Management
86000.0,Payroll & Human Resource Management
86000.0,Organizational development and training
86000.0,Machine Controls
86000.0,Equity Research
86000.0,Energy Economics
86000.0,Elder Care
86000.0,Data Services
86000.0,AgTech
85820.0,Water Resources
85814.2857142857,Global Health
85772.9523809524,Digital Media
85650.0,Quick Service Restaurant
85625.0,Space
85450.0,Sports and Entertainment
85412.75,Supply Chain
85360.0,Franchised Auto Dealership
85150.0,Internal Audit
85125.0,Abc
85000.0,Transit
85000.0,Sports Tech
85000.0,Simulation Education
85000.0,SALES ORGANIZATION
85000.0,Research Science (Lab)
85000.0,Rail/Energy
85000.0,Radio Communications
85000.0,Oil & Gas / Manufacturing
85000.0,Multimedia
85000.0,Media relations
85000.0,Maufacturing
85000.0,Legal - Law Firm
85000.0,Learning Adminstration
85000.0,Land Use Planning
85000.0,Labor Law (Union-side)
85000.0,Health Trade Association
85000.0,Genetic counseling
85000.0,Freight Transportation
85000.0,Fraud & Identity Software
85000.0,Food safety and quality
85000.0,Flexible packaging
85000.0,Email Marketing
85000.0,Cupping holistic
85000.0,Automobile Sales
85000.0,Alchol
84868.0,Internet Software
84800.0,Research in Renewable Energy
84700.0,BPO
84500.0,Beverage Manufacturing
84333.3333333333,Art
84275.0,Academia (administrator)
84000.0,Regional transportation authority
84000.0,P&C Insurance
84000.0,Meteorology
84000.0,Disease diagnostics- research
84000.0,County level government
84000.0,Clean Technology
84000.0,Art Education
83868.675,Medical Software
83666.6666666667,Scientific
83666.6666666667,Legal Compliance
83612.5,STEM
83570.0,Energy journalism/analysis
83540.0,Franchising
83500.0,Museum publishing
83500.0,Mfg software and computers
83500.0,Fire Department
83416.6666666667,Media/Advertising
83400.0,digital health
83296.0,Air safety
83250.0,Online Education
83200.0,PAINTING AND FINISHINGS
83145.0,Trade association
83000.0,Tech/Life Sciences
83000.0,State govt
83000.0,"Research, government, health, biomedicine"
82600.0,Managrment Consulting
82600.0,Cosumer goods
82600.0,Ads / Classifieds
82471.6666666667,Goverment
82416.5,Building & Construction
82400.0,process systems
82400.0,Media/Television
82168.75,Hospital
82000.0,Quick serve restaurant
82000.0,Info Sec
82000.0,Coffee - Consumer Goods
82000.0,Bsnking
81960.0,Wholesale distribution
81951.5555555556,HR Consulting
81900.0,Tradeshow
81816.2,Fashion Design
81800.0,Product Development
81750.0,School
81700.0,Supply Chain & Logistics
81666.6666666667,Optics
81556.6666666667,Audiology
81500.0,Higher Ed / Libraries
81456.0,Design and Technology
81444.0,B2B Sales
81333.3333333333,Luxury Goods
81313.3333333333,Localization
81280.0,Audio Visual
81177.34375,Warehousing
81083.3333333333,Association
81000.0,Training and Development
81000.0,Seed industry
81000.0,Naval Shipyard
81000.0,HR Technology
80960.0,Heavy Construction
80928.3333333333,Academic
80600.0,Medico-legal consulting
80500.0,Labor Organization
80500.0,Geotechnical engineering
80290.0,Optical
80166.6666666667,Litigation Support
80000.0,tech/education & some military contracting
80000.0,science support
80000.0,Wine Distribution
80000.0,Web Technology
80000.0,Wastewater services
80000.0,Wastewaster
80000.0,User Operations / Ed-Tech
80000.0,Trash & Recycling
80000.0,Technology learning
80000.0,State Politics
80000.0,Solar construction
80000.0,Sales Performance Managment
80000.0,Property development
80000.0,Property Preservation
80000.0,Plastic Pipe
80000.0,Planning/Public Involvement
80000.0,Nanotechnology
80000.0,Mfg
80000.0,Meat packing
80000.0,Magazine editorial
80000.0,Lighting
80000.0,Legal consulting/tech
80000.0,Law practice
80000.0,Imaging
80000.0,IVD Manufacturing
80000.0,IT Support
80000.0,I do news media outreach for a university
80000.0,Highed Education
80000.0,Green industry
80000.0,Food Processing
80000.0,Fine Art Market
80000.0,"Fem Tech, E-Commerce"
80000.0,Engineer Consulting
80000.0,Energy & Resources
80000.0,Editing/ education publishing + education events management
80000.0,Content strategy
80000.0,Chemical transportation
80000.0,Chemical Production
80000.0,Athletic Shoes and Apparel
80000.0,Apparel/Retail
80000.0,Animal Control
80000.0,Academia/Nonprofit
79968.0,Labor Relations
79966.0606060606,Travel
79950.0,Event technology
79917.7272727273,Events
79600.0,Clothing
79466.6666666667,Land Surveying
79028.5714285714,Automation
79000.0,Traffic technology--tolling
79000.0,Defense/tech
79000.0,Commodity Chemicals
78942.7984615385,Librarianship
78810.0,Scholarly Publishing
78800.0,Graduate-level health care education
78644.0,Food & Beverage
78500.0,HCM Payroll Solution
78500.0,Agrochemical
78400.0,SAS (Softare as a Service)
78400.0,Clean Energy
78357.1428571429,Creative
78350.0,Media/Journalism
78166.6666666667,Digital Agency
78155.0,Land Development
78020.0,Tree Care
78000.0,media services
78000.0,Travel and Tourism
78000.0,State Employee
78000.0,Research Laboratory
78000.0,Quality/Food Safety
78000.0,"Land Conservation, Government"
78000.0,Import / Export
78000.0,IT Operations
78000.0,Genetic testing
78000.0,Gas Utility
78000.0,Food & Bev (tech)
78000.0,Defense - Software
78000.0,Creative - Experience Design
78000.0,Community Organizing/Social Justice
78000.0,Bindery
78000.0,"Beer, wine, and spirits"
77888.8888888889,Food industry
77880.0,Desktop application development
77625.0,Food Retail
77600.0,Language Technology
77552.39,HR
77511.4285714286,Auto industry
77500.0,arts management
77500.0,STM Publishing
77250.0,New Tech/Startup
77250.0,Health Risk Assessment
77242.3076923077,Politics
77000.0,startup marketing - content
77000.0,crash reconstruction
77000.0,Wine
77000.0,Sports Television
77000.0,Sales Operations
77000.0,Omnichannel Solutions
77000.0,Drafting & Engineering
77000.0,Corporate
77000.0,Automobile
76920.0,Wholesale Manufacturing
76875.0,Public Media
76700.0,Metal Processing / electrical engineering
76700.0,Media / Distribution
76700.0,Aviation/Defense
76666.6666666667,Cable
76600.0,Conservation NGO
76500.0,Higher Ed Communications
76500.0,Hazardous Waste
76500.0,Data/Tech/Fundraising
76372.332,Computer Science
76368.0666666667,Retail Pharmacy
76333.3333333333,Road Construction
76268.0,Television Production
76240.5,HR - Higher Ed
76218.9,Nursing
76204.0,Law/Judiciary
76000.0,Union Organization
76000.0,Tech consulting
76000.0,Package Delivery
76000.0,Military / Defense
76000.0,MEP Consulting
76000.0,Energy Storage
76000.0,Conglomerate
75985.7142857143,Data Analytics
75800.0,"private, non-profit higher education"
75750.0,Teacher
75367.4357142857,Cosmetics
75300.0,Auto insurance
75250.0,Policy Research
75187.1428571429,Life insurance
75172.5,Leisure
75166.6666666667,Telco
75009.0,Traveling exhibits
75000.0,tech professional services
75000.0,electonic distribution
75000.0,Water Filtration
75000.0,Tech-Payments
75000.0,Stone and Tile
75000.0,Staffing and HT
75000.0,Scrap Metal Recycling
75000.0,Research - Tech and Marketing
75000.0,Political Advertising
75000.0,Movie exhibitor
75000.0,Merchandising
75000.0,Medicare Part D
75000.0,Medical Marijuana
75000.0,Manufaturing/ tech
75000.0,Innovation Research (Optics)
75000.0,Hotel Management
75000.0,Highway Construction
75000.0,Heating Contracing
75000.0,HVAC/IoT
75000.0,Digital Signage
75000.0,"Design, Web & Digital Marketing"
75000.0,Design Agency
75000.0,Data & Technology Consulting
75000.0,"Dairy, Beverages, Transportation"
75000.0,Community Health
75000.0,Chemical mfg
75000.0,Busing
75000.0,Bankin
75000.0,B-corp
75000.0,Audio Video Integration
75000.0,Arbor care
75000.0,AML/BSA Compliance
74750.0,Dairy
74686.0909090909,Research Administration
74665.0,Army Aviation
74602.5,Retail food service (grocery store)
74600.0,Legal academia (staff)
74561.8823529412,Fundraising
74500.0,Fleet
74448.75,Telecom Software Reseller
74276.6666666667,Energy Efficiency
74219.2653521127,Agriculture
74000.0,Web Marketing
74000.0,Vehicle manufacter
74000.0,Tourism/Technology
74000.0,Tehnology
74000.0,QSR
74000.0,Process Plant
74000.0,Point of Sale
74000.0,Health non profit
73891.3333333333,Water Treatment
73833.3333333333,Patent Law
73794.1176470588,City Government
73761.0,Online Marketing
73750.0,Public Defense
73729.4444444444,Automotive Manufacturing
73700.0,Product
73650.0,Contact Center
73628.8571428571,Urban Planning
73562.5,Health Research
73500.0,Sugar
73500.0,Mortgage Servicing
73488.0,Film & Television
73333.3333333333,Student Housing
73333.3333333333,Machine Sales
73329.0,Biomedical science (government)
73276.2,E-Learning
73200.0,Science writing/editing at a nonprofit
73130.0,Science (MRI research)
73000.0,Upper Education
73000.0,Meetings
73000.0,Legal/Not-for-profit
73000.0,Hospice Nursing
73000.0,Bank/Credit Union
72955.0,Automotive / Financial
72847.5,Robotics
72800.0,Traffic/Transportation Engineering
72768.0,Natural Products (Food/Beverage)
72600.0,Funding
72533.3333333333,Wine Industry
72500.0,Media/cable
72500.0,Land Survey
72500.0,Horse Racing
72500.0,Energy (nonprofit)
72451.0,Vitamin manufacturing
72377.6571428571,Science
72300.0,Behavioral Therapy (Psychology)
72250.0,Meeting Planning
72100.0,Lottery
72000.0,Zoology (academic)
72000.0,Mining Consulting
72000.0,Mineral Exploration
72000.0,Luxury/Fashion
72000.0,Logitistics
72000.0,"Libraries (academic, private)"
72000.0,Full Scale Testing
72000.0,Coliving
72000.0,Aging Care
71980.0,Ad tech/mobile marketinf
71765.0,Counselling
71760.0,Commodity hedging / purchasing
71668.1666666667,SEO
71666.6666666667,Corporate housing
71644.4444444444,Education Research
71640.0,Product Design Consulting
71540.0,Sports
71500.0,Animal Health Care
71400.0,Social Expressions
71400.0,Academia/Other
71360.0,Diplomacy
71321.5,Special Libraries
71310.0,ICT
71250.0,Occupational Safety and Health
71000.0,Tech/retail
71000.0,Planning
71000.0,Fashion & Garment Manufacturing
71000.0,Community Counseling Center
71000.0,Community Association Management
71000.0,Ceramics Manufacturing
71000.0,B2B Marketing
71000.0,Archaeological consulting
70977.2222222222,Solar
70800.0,Consultation
70675.0,Academia/Research
70666.6666666667,Payroll/HR
70662.3333333333,Retail/Convenience Store
70509.3333333333,New media
70400.0,Film and TV
70390.7,Legal (Non-profit)
70385.7142857143,Natural gas
70333.3333333333,Maintenance
70200.0,Retail Mail Order
70000.0,air freight
70000.0,Vascular ultrasound
70000.0,University Finance
70000.0,SaaS/Recruiting
70000.0,Retailer Ecom
70000.0,Refugee Resettlement
70000.0,Realty/Property Management
70000.0,Private Education company
70000.0,Pension Administration
70000.0,NYC Government
70000.0,NCAA Athletics
70000.0,Mortgage banking
70000.0,Mid-sized city government-Public works
70000.0,Media/Newspapers
70000.0,Logistics (cold warehousing of food)
70000.0,Laser Manufacturing
70000.0,Integrated Pest Management
70000.0,Health/Personal Care
70000.0,Health Case
70000.0,Granite countertops
70000.0,Fuel Distribution
70000.0,Find
70000.0,Electrification
70000.0,DTC genomics
70000.0,Civil legal services
70000.0,Broker dealer in investment
70000.0,BiotechMar
70000.0,Bio assay development
70000.0,Bike rental
70000.0,Beauty / Wellness
70000.0,Banking/lending
70000.0,Baking
70000.0,Apartment Management
69993.3333333333,Building Operations
69957.1428571429,Public Affairs
69750.0,Digital Community Management
69625.0,Banking (credit union)
69620.0,Aeronautic engineering
69560.0,GivenGover
69505.7777777778,Social Science Research
69500.0,Research/Professional Services
69500.0,IT/Education
69500.0,Auto Collision
69325.0,Writing
69250.0,Higher Ed Administration
69000.0,Pharma/Clinical Trials
69000.0,Leasing
69000.0,Higher Ed (Professional School)
69000.0,Heating & Cooling
69000.0,Fire safety
68900.0,National Security
68888.0,City Planning
68845.0,Wholesale Fuel and Diesel
68810.0,A/E/C
68786.0,Utility Provider
68744.0,Mortgage Industry
68570.4736842105,Association Management
68500.0,Waste
68500.0,MLM
68500.0,Languages
68440.0,Expense management
68238.4615384615,Behavioral Health
68230.0,Energy retail
68166.6666666667,SAAS (Tech)
68080.0,Property / Real Estate
68060.0,Banking and Finance
68000.0,Paint and Coatings
68000.0,Museum/arts
68000.0,Immigration Law
68000.0,Home Services
67836.0,Public Policy
67666.6666666667,Psychology
67500.0,Safety
67500.0,Mass media
67500.0,Academia (university)
67333.3333333333,Travel & Tourism
67333.3333333333,Biomedical Engineering
67200.0,Religious - Charitable
67200.0,Public Utitlity
67200.0,Laboratory
67200.0,Geological Engineering
67126.0,Business Retail
67066.6666666667,State agency
67009.0,Actuarial
67000.0,science non-profit
67000.0,fertilizer
67000.0,accessibility/technology
67000.0,Program evaluation
67000.0,Medica Device
67000.0,Library Administration/Local Gov't.
67000.0,IT in Higher Education
67000.0,Foundations (nonprofit)
67000.0,Forklift sales and service
67000.0,Drug testing
67000.0,Continuing Education
67000.0,Air Pollution Regulation
66993.0,Econometrics
66940.0,Feminist Nonprofit
66916.6666666667,Data Analysis
66737.7142857143,IT / Software
66650.715,Humanitarian (INGO)
66600.0,Rehabilitation
66600.0,IT for Local Government
66526.0,Sports/fashion
66500.0,Grocery Store Deli
66300.0,Aftermarket Heavy Duty Truck Parts
66280.0,Cyzbersecuritz
66277.7777777778,Arts Non Profit
66000.0,energy/environment
66000.0,Tech/coworking
66000.0,Stressin
66000.0,Public Administration (Government)
66000.0,Nurse
66000.0,NGO Arts & Culture
66000.0,Live Events / Media
66000.0,Libraries-Special
66000.0,IT / Web Hosting
66000.0,IT - Supply Chain
66000.0,Garment
66000.0,Editorial/Media
65851.6666666667,Cultural & entertainment - nonprofit
65800.0,Political Consulting
65766.6666666667,Commercial garage doors
65760.0,Social research
65760.0,Non-departmental public body (research funding)
65600.0,"Science, conservation"
65600.0,C store management
65550.0,Community Development
65524.6666666667,Fashion Retail
65485.7142857143,Textiles
65416.7619047619,Public Safety
65308.8888888889,Apparel
65000.0,museum/government
65000.0,Web content management
65000.0,We development
65000.0,Union representation
65000.0,Test & Measurement
65000.0,Television Media
65000.0,Solar Energy
65000.0,Social Certification
65000.0,Settlement Administration
65000.0,Science/government
65000.0,Polling and Consulting
65000.0,Politics/organizing
65000.0,Pet care (corporate)
65000.0,Medical Malpractice Insurance Company
65000.0,Media and Publishing
65000.0,Machine Trades
65000.0,Legsl
65000.0,Legal assistant
65000.0,Legal Marketing
65000.0,Law/tech
65000.0,Law/Lobbying
65000.0,Language Services
65000.0,Interactive Response Technology (IRT)
65000.0,IT/MSP
65000.0,IT for an industrial metals company
65000.0,IT / Health & Pharma Services
65000.0,Housing and Community Development
65000.0,High end retail
65000.0,HRO Outsourcing
65000.0,Glass
65000.0,Food & Bev
65000.0,Fabric and textile
65000.0,Economic Research
65000.0,Diversity and Inclusion - higher education/student affairs
65000.0,Classical Music
65000.0,Child Support Services
65000.0,Catering (Wedding & Other Events)
65000.0,Big box retail
64950.0,Tech/Marketing
64900.0,Regulation
64800.0,Medical Coding
64800.0,IT Hardware Manufacturer
64750.0,Web Design
64680.0,Public Practice
64500.0,Aviation/aerospace
64500.0,Accouting
64336.2105263158,Education - High School
64310.0,Staffing Agency
64222.5,Media (YouTube)
64068.0,Engines
64000.0,Tech adjacent
64000.0,Sign Manufacturing
64000.0,Media Monitoring
64000.0,IT / Public Libraries
64000.0,Firefighter
64000.0,Compensation
64000.0,Biological/biomedical research
64000.0,Aviation/Government
64000.0,Auto mfg.
64000.0,Association (health care)
63999.5454545455,Music
63800.0,Technology - Health Insurance
63705.0,Civil Nuclear
63500.0,Records Management
63500.0,Online Publishing
63483.3333333333,Interior Design
63385.7406451613,Arts
63304.375,Banking/ Finance
63300.0,Technical Installation
63300.0,Museum / Culture
63000.0,retailer (corporate)
63000.0,Registered Nurse (BSN)
63000.0,K-12 Education Administration
63000.0,HR(Law firm professional development and training)
63000.0,Fashion (Menswear)
63000.0,Chemistry - personal care product formulation
63000.0,Biodiesel
62980.0,Newspapers
62875.0,Pest control
62866.6666666667,Learning and Development
62825.3333333333,Procurement
62799.0,Health Information Management
62500.0,Satellite Tv
62500.0,Hospital (non-profit)
62400.0,Summer Camp/Child Care
62400.0,SaaS tech company
62277.7777777778,Natural Resources
62273.1111111111,Education Software
62250.0,Biology research
62200.0,Third party logistics
62172.0,Landscaping
62148.0,Public Service
62000.0,retail / web / IT
62000.0,Wireless adjacent
62000.0,Talent Operations
62000.0,Retail Distribution (Oil and Gas)
62000.0,Linguistic services
62000.0,Insure tech
62000.0,Grant Management
62000.0,Criminal defense - federal public defender
62000.0,Church Minister
62000.0,Brewery/craft beer
62000.0,Bank Regulation
62000.0,Alternative Asset Management
62000.0,Academia/government
61800.0,Museum/Higher Ed
61790.0,Animal vaccine manufacture
61766.0,UX
61671.0769230769,County Government
61610.0,Instructional Design for a health insurance company
61600.0,Tourism Marketing
61600.0,Arts/Academia
61577.39,Central Government
61500.0,Maritime
61500.0,Ailine
61430.0,Religion
61420.0,Strategy
61417.3333333333,Recruitment
61384.4076923077,Development
61242.0,Wind Energy
61200.0,Library and Archives
61166.6666666667,Associations
61000.0,Retail beauty industry
60700.0,Trucking Industry
60680.0,Import & wholesale
60566.6666666667,"Embassy, Digital Media"
60416.6666666667,Forestry
60320.0,Arch/Eng/Construction
60300.0,E-Commerce Retail
60280.0,Magazines
60133.3333333333,Retailer
60000.0,collision repair
60000.0,advocacy
60000.0,adult beverage
60000.0,academia/media
60000.0,Yacht Building
60000.0,World wide retail
60000.0,Wildlife Biology
60000.0,Weddings
60000.0,Trusted Identities and secure transactions
60000.0,Town Government/Library
60000.0,Time and Attendance
60000.0,Tech & Management Consulting
60000.0,Survey research
60000.0,Service - Language Services
60000.0,Science Laboratory
60000.0,Sanitation
60000.0,Religious services
60000.0,Quality management/healthcare
60000.0,Private Vocational College
60000.0,Private Events
60000.0,Parking
60000.0,Ocean Conservation
60000.0,Neuroscience
60000.0,Natural Health supplements
60000.0,Natural Food
60000.0,Multimedia Software
60000.0,Military non profit
60000.0,Media Education
60000.0,Lobbying/Government Affairs
60000.0,Life safety
60000.0,Law Library
60000.0,Injection Molding
60000.0,Hydrogeology consulting
60000.0,Hotel sales
60000.0,Hospital/Healthcare
60000.0,Health and Nutrition
60000.0,Health & Wellbeing
60000.0,Hardware electronics
60000.0,Greeting cards
60000.0,For profit education
60000.0,Food (Meal Kits)
60000.0,Fine jewelry
60000.0,Design/Manufacturing
60000.0,Cosmetology
60000.0,Constuction
60000.0,Big box store. Retail
60000.0,Automobilr
60000.0,Auto rental
60000.0,Audio Video
60000.0,"Arts, Design, and Media"
60000.0,Alarms
60000.0,Academia - Fundraising
59996.6666666667,Wine Sales
59950.0,Your answer
59840.4545454545,Grocery retail
59750.0,Fine Art
59714.2857142857,Furniture Manufacturing
59665.6,Think tanks
59600.0,biotech-diagnostics
59573.75,Community Mental Health
59470.0,University Communications
59393.22,Background checking
59250.0,Science academic research
59250.0,Acedemia/Healthcare
59200.0,Aerospace sales
59000.0,"finance, web services"
59000.0,Wellness consumer products
59000.0,Training facilitation workforce development
59000.0,Specialty Food
59000.0,Oncology
59000.0,K-12 Independent School
59000.0,Finance/Credit/Mortgage
59000.0,Finance (Regulatory)
58750.0,Specialty Retailer
58700.0,Cable internet provider
58600.0,Veterinary Diagnostics
58509.3636363636,Academic Research
58500.0,foreign policy (think tank)
58500.0,Library / Education
58500.0,Higher Ed/Non Profit
58500.0,Casino (Hospitality)
58400.0,Municipal Construction
58333.3333333333,Arboriculture
58234.0,Child Nutrition Program
58210.7415730337,Nonprofit social services
58200.0,Home Health Care
58160.0,Veterinary Pharmaceuticals
58103.0,Energy/Tech
58000.0,Public/Government
58000.0,Ophthalmology
58000.0,Lending
58000.0,Human Reaources
58000.0,CPS Brokerage
57997.5,Tertiary Education
57900.0,Startup
57866.6666666667,Academia - library
57764.8032786885,Restaurant
57725.0,Public Schools
57700.0,Medical communications
57608.0,State University
57600.0,Wholesale Supply
57600.0,Tech/Digital
57600.0,Paper Products
57571.5714285714,A
57540.0,LSP
57500.0,Reproductive health
57500.0,Music streaming
57500.0,Legal Field
57500.0,Fiance
57491.3333333333,Call Centers
57333.3333333333,Window Treatments
57320.0,Recycling
57213.3333333333,Civil Construction
57205.0,Health Administration
57200.0,Securities
57200.0,Data Provider
57100.0,Flow & Density Measurement
57033.3333333333,Office Furniture
57007.8181818182,Libraries and archives
57000.0,print/tech
57000.0,PR & creative
57000.0,Furniture Dealership
57000.0,Fabless Semiconductor
57000.0,Delivery
57000.0,"Data Storage, analysis, Consulting"
56860.0,IT and Consulting
56700.0,Orthodontic Practice Management Software
56690.1935483871,Graphic Design
56666.6666666667,Personal Services
56666.6666666667,Higher Ed/Marketing
56611.0,Archives/Libraries
56539.6,Workforce Development
56500.0,Withheld
56500.0,Global Mobility
56500.0,Content Development
56500.0,Book Distribution
56330.5,Cultural
56288.8888888889,Production
56250.0,Parks & Rec
56240.0,Paper and print
56170.0,Games Industry
56087.5,Charitable Sector
56000.0,retail/manufacturing
56000.0,editorial
56000.0,carpentry
56000.0,Tech (Managed Service Provider)
56000.0,Sleepaway Camp
56000.0,Political Polling
56000.0,POS systems
56000.0,Museum Archive
56000.0,Highway Maintenance
56000.0,Golf Course
56000.0,Flooring/Ceramic Tile
56000.0,Federal Public Service (Canada)
56000.0,E-Commerce Marketing
56000.0,Consumer Services
56000.0,Car Rental
56000.0,Business Management
56000.0,Animal welfare non-profit
55988.5,Regulatory College (non-profit)
55850.0,Writing and Editing
55701.4117647059,Tourism
55674.6666666667,MEP Engineering
55500.0,Religious
55500.0,Online Communictions/Social Media
55500.0,Major Events
55500.0,Logistics/Shipping
55485.6,Medical publishing
55460.0,european institution
55459.35,Shipping
55423.3333333333,Employment Benefits
55346.0,Game Development
55314.84,Charity
55224.0,Intergovernmental organization
55000.0,signage
55000.0,managed services
55000.0,Web Dev
55000.0,Tech/Exhibit Design
55000.0,Retail -- surgical supplies
55000.0,People with disabilities
55000.0,Payroll and Benefits
55000.0,Museum and Heritage
55000.0,Museum and Archives
55000.0,Lifecycle Marketing in Tech
55000.0,Legal Tech
55000.0,K-8 Advancement/Development
55000.0,IT/SaaS
55000.0,"Home Performance Contracting (Green HVAC, Solar, Windows, Insulation etc)"
55000.0,FIREFIGHTING
55000.0,Ethanol
55000.0,Energizer
55000.0,Earth moving (oil and gas
55000.0,Customer Success
55000.0,Credit
55000.0,Asbestos abatement
55000.0,Art/Design
55000.0,Activism
54850.0,GIS
54800.0,Toxicology
54760.0,Business
54750.0,Fragrance
54680.0,Ag Manufacturing
54679.5277777778,Payroll
54605.0,Physical Security
54600.0,Ophthamology
54500.0,Public Higher Education Development
54400.0,Medical Billing
54373.7,Academic Administration
54250.0,Aquaculture
54124.5,Property
54083.3714285714,Scientific research
54080.0,Indoor Fitness
54080.0,GIS and Engineering
54050.0,Disability Services
54000.0,Zoo/animal care
54000.0,Sustainability
54000.0,Smart utilities
54000.0,Private Country Club
54000.0,Libraries/Higher Education
54000.0,K-12 Educational Publishing
54000.0,Higher Ed Development
54000.0,"Highed ed, Librarian"
54000.0,Green/Retail Home & Garden
54000.0,Collegiate retail
54000.0,Civil rights advocacy
53964.5833333333,Fitness
53900.0,Machining
53881.5,Library/archives
53800.0,Provincial Government Civil Service
53780.0,Autonomous Cars
53666.6666666667,Membership Association
53600.0,Affiliate websites
53500.0,"Writing, education adjacent"
53500.0,Chemical/coatings
53400.0,Arts and Culture
53333.3333333333,Surveying
53333.3333333333,Magazine publishing
53169.9657142857,NGO
53100.0,Build Environment
53080.0,Chemistry
53014.0,Tax Preparation (Professional Services)
53000.0,data science; university enrollment management
53000.0,casino IT
53000.0,Swimming pools
53000.0,Sport non-profit
53000.0,Shopping Center
53000.0,Running/Races
53000.0,Museums-Federal
53000.0,Machine Tools
53000.0,Long Term Care Pharmacy
53000.0,Goernment
53000.0,Generators
53000.0,DoD Dept of the Navy
53000.0,Correctional Mental Health Care
53000.0,College and University Fundraising
53000.0,Biotech/Marketing
53000.0,Airline Catering/Data Management
52863.2571428571,Health and Wellness
52800.0,Engineer
52780.0,Web consulting
52680.0,Grants Administration
52666.6666666667,Travel/Hospitality
52540.0,Aged care
52508.75,Librarian
52500.0,Micro Biology
52500.0,Car insurance
52333.3333333333,Food Service Management
52171.5,Blood Banking
52060.0,Charity - Agricultural
52030.0,Biofuels
52000.0,small construction
52000.0,luxury
52000.0,Warehouse
52000.0,Stainless Steel Fabricating
52000.0,Research Compliance (University)
52000.0,Museum Field/Trade Association
52000.0,Municipal Library
52000.0,Moving and Storage
52000.0,Median & Marketing
52000.0,IT Distribution
52000.0,Elderly Home Care
52000.0,Cryptocurruncy mining
52000.0,Convention Center
52000.0,Charitable Giving
51800.0,Vocational education and training
51750.0,Non Governmental Organization
51750.0,Health and Human Services
51750.0,EMS
51732.8,Higher Ed Fundraising
51546.3333333333,Academia/Higher Ed
51500.0,Research/Public Policy
51450.0,Fine Arts/Museums
51209.0,Water/wastewater
51125.0,Promotional Product Distribution
51125.0,Auditing
51082.8571428571,Games
51000.0,certification
51000.0,Know Your Client
51000.0,Fleet Leasing
50887.5,Retail/Ecommerce
50804.0,Risk and Compliance/Due Diligence
50779.3333333333,Religious nonprofit
50500.0,Tax and Payroll
50500.0,Manufactuing
50500.0,Biological Sciences
50400.0,Meeting and Events
50194.0,Meetings and Events
50175.0,Adult Education
50134.2857142857,Recreation
50000.0,trucking/transportation
50000.0,pharaceuticals
50000.0,Water department
50000.0,Tv advertising
50000.0,Turf management
50000.0,Tile industry
50000.0,Tech/Print/Publishing
50000.0,Tax and Audit
50000.0,Seasonal govt and Ski
50000.0,Older Adult Services
50000.0,Oil and Energy
50000.0,Non orofit theater
50000.0,Native American sovereign nation
50000.0,Multi family
50000.0,Movie Theaters & Cinemas
50000.0,"Mortgage, technology"
50000.0,Licensing
50000.0,IT for Medical System
50000.0,Fine Arts Nonprofit
50000.0,Federal
50000.0,E-commerce SaaS
50000.0,Dog care
50000.0,Dairy manufacturing
50000.0,Creative/Marketing
50000.0,College communications office
50000.0,CNC Machining
50000.0,501(c)3 nonprofit - homeless services
49880.0,HR/Payroll
49856.0,Historic Preservation
49843.3333333333,Catholic Church
49720.0,Theme Parks
49633.0,Drug Rehabilitation
49600.0,retail liquor sales
49500.0,Oncology software
49500.0,Natural Land and Resource Management
49500.0,Mutual funds
49500.0,Dental Appliances
49400.0,Facility maintenance
49388.5,Conveyancing
49300.0,Funeral Service
49280.0,Customer Support
49250.0,GLAM (galleries libraries archives museums)
49000.0,State Environmental Agency
49000.0,Skin health care
49000.0,Retail Logistics
49000.0,Private Investigations
49000.0,HealthEucation
49000.0,Auction House
48798.0,Telematics
48770.0,Arts Fundraising
48757.1428571429,Museum Education
48680.0,Janitorial supplies
48600.0,First responder
48500.0,aquaria and conservation
48460.5,TV
48368.2727272727,Church
48333.3333333333,Private Security
48300.0,High Education
48195.0,Aerospace Finance
48100.0,Legak
48100.0,Health sector
48000.0,Sciences
48000.0,Rental items/ retail sales
48000.0,Rail and Track
48000.0,Optical/Healthcare
48000.0,Municipal-related nonprofit
48000.0,Mini Casino
48000.0,Media/Book Publishing
48000.0,Library/Non-profit
48000.0,Frozen Grocery
48000.0,Food Service/Agriculture
48000.0,College Counseling Cebter
47950.0,Youth Charity
47950.0,Non for profit
47943.15,Regulation/Healthcare
47900.0,Freight Forwarding
47800.0,Housing Finance
47650.0,School District
47500.0,Tissue Banking
47500.0,Small Electronics Repair
47500.0,Plastic injection molding
47500.0,Off Price Retail
47500.0,Nutritional Supplements
47500.0,Low Voltage
47500.0,Funeral Industry
47500.0,Distillery
47400.0,Furniture Retail
47320.0,gRAIN AND FEED
47216.6666666667,Title Insurance
47200.0,Design Build
47200.0,Behavioral research equipment
47006.5,Building
47000.0,ed tech startup
47000.0,Substance abuse treatment center
47000.0,School Photography
47000.0,Retail back office support
47000.0,Planning/Design
47000.0,Metal Fabrication
47000.0,Legal (Intellectual Property)
47000.0,Higher Ed. Visual Resources
47000.0,Children's Museum
47000.0,Chamber of Commerce
47000.0,Aviation/Navigation
47000.0,Arts and entertainment
46580.0,Accountancy
46500.0,Fashion / E-commerce
46400.0,Serious Games
46300.0,Event Production
46300.0,Early Education
46250.0,P12 Education
46108.0,Cultural Resource Management
46040.0,Religious Organization
46000.0,University Libraries/Museums
46000.0,Union office
46000.0,Tech/Real Estate
46000.0,State health department
46000.0,Semicondutor
46000.0,Safety Training
46000.0,Relocation Services
46000.0,Physical commodities trading
46000.0,Paint & Coatings
46000.0,Metal Fab Shop
46000.0,Legal support
46000.0,Legal aid
46000.0,Human Resouces
46000.0,Customer Relations
46000.0,Coworking/Commercial Real Estate
46000.0,CdL delivery driver hazmat
46000.0,Beer Manufacturing
45895.0,Scientist biology
45873.1666666667,Call Center
45590.0,"Libraries, Archives and Museums"
45520.0,Religious / Church
45507.5,TV Production
45500.0,Magazine/journalism
45500.0,Fuel
45500.0,Employee recognition
45500.0,Collections
45210.0,Science Publishing
45200.0,Not Profit
45155.2,Charitable
45140.0,Social housing
45000.0,nursery
45000.0,Winery
45000.0,Victim Services
45000.0,Theatrical installation
45000.0,Renewable fuels
45000.0,Print advertising
45000.0,Photography (family and portrait)
45000.0,Paint Supply
45000.0,Outdoor Furniture Customer Service
45000.0,Nutraceutical Manufacturing
45000.0,NGO/non profit org
45000.0,Metal Recycling
45000.0,Legal - Immigration Law
45000.0,"Law, specifically a niche within Environmental law"
45000.0,Landscape supply
45000.0,K-12 Education (non-school)
45000.0,HVAC Residential
45000.0,Events/Weddings - Floral Design
45000.0,EComm & Video and Film
45000.0,Custom Apparel
45000.0,Catering
45000.0,Assessor
45000.0,Arts (classical music)
45000.0,Art Consulting
45000.0,Admin/Environmental Consulting
45000.0,Admin A/R Billing
44904.0,Hotel
44900.0,Retail banking
44840.0,Safety Regulation
44740.0,College Athletics
44730.5,Science R&D
44665.5,Finance (non-profit)
44607.3846153846,museum (non-profit)
44500.0,police work
44500.0,Food and hospitality
44400.0,Heavy Automotive
44200.0,Training & Development
44180.5,Sports Management
44000.0,Supply Chain Transportation
44000.0,SaaS Marketing
44000.0,Retail/industrial products
44000.0,Public Horticulture
44000.0,Municipality
44000.0,Hopsitality and Tourism
44000.0,Heavy Duty Manufacturing
44000.0,Film & Branded Content
44000.0,Coal/Energy
43850.0,Science Research
43804.0,Kitchen Appliance
43750.0,Life Science Research
43750.0,Graduate Medical Education
43700.0,Customs
43680.0,UX (Tech)
43600.0,The arts
43600.0,Homelessness services
43500.0,Jan-San
43433.3333333333,Biological Research
43155.0,Arts Marketing
43000.0,YMCA
43000.0,Religion (synagogue)
43000.0,Podcasting
43000.0,"Museums, Archvies, Libraries"
43000.0,Legal / Administrative
43000.0,Judicial
43000.0,Health Communication
43000.0,Fitness Technology
43000.0,Billing
43000.0,Athletic Drug Testing
43000.0,Airport Retail
42920.0,Town planning
42900.0,Parts Distribution
42848.0,Heavy Machinery Operation
42800.0,NGO/not-for-profit/charities
42680.0,Outdoor Education
42600.0,Funeral
42550.0,"Galleries, Libraries, Archives & Museums"
42500.0,Motorsports
42500.0,Event Rentals
42450.0,Gambling
42250.0,Copywriting
42213.3333333333,Dental Industry/Medical Manufacturing
42160.0,Music Licensing
42135.5,Medical Insurance
42000.0,edution
42000.0,Wellness/Fitness
42000.0,Science Collections
42000.0,Sales/Account Management
42000.0,Public opinion Research
42000.0,Privatr Higher Education
42000.0,Motion Graphics
42000.0,Machinery
42000.0,Labor Unions
42000.0,IT technician
42000.0,Design/Advertising
42000.0,Cancer Clinical Trials
42000.0,Benefit Compensation
42000.0,Arts/Museum
41600.0,Lighting & Signing
41565.875,Heritage
41440.0,Textile printing
41440.0,Social and community services
41270.0,Music Education
41200.0,Tele marketing
41100.0,drinks
41100.0,Oublishing
41100.0,Diversity & Inclusion
41100.0,Charity Marketing
41000.0,Pet Food
41000.0,Legal/Accounting
41000.0,Informal Science Education
41000.0,Health/laboratory
41000.0,Foster care/family services
41000.0,Cancer Research
40838.4366666667,Arts & Culture
40800.0,trade organization
40800.0,Lumber
40700.0,Youth Work
40700.0,Luxury retail
40700.0,Heating & AC wholesale
40700.0,Garment Industry
40563.2,Tech support
40552.0,Heritage / Conservation - Non-Profit
40550.0,college administration
40500.0,Temp Work
40500.0,Physical Therapy
40425.0,Admin
40395.82,Bakery (Wholesale and Retail)
40000.0,the theater
40000.0,hvac fabrication
40000.0,Wholesale lumber
40000.0,Staffing/IT
40000.0,Science/Technology
40000.0,Remodel/countertop sales
40000.0,Refrigeration tech
40000.0,Process Industry- Marketing
40000.0,Phamarcy
40000.0,Packaging Research and Online Education
40000.0,POS Technology
40000.0,Lubricants
40000.0,Landscape maintenance
40000.0,Hearing Health Care
40000.0,Headwear
40000.0,HVACR
40000.0,Govt- social work
40000.0,Fitness and music
40000.0,EdTech (specific to language acquisition)
40000.0,Church/Religious institute
40000.0,Background Screening
40000.0,Awards & Recognition
40000.0,Arts & Entertainment
40000.0,Art and Culture
40000.0,AUTO REPAIR
40000.0,3rd party logisitcs
39833.3333333333,Child Welfare
39600.0,Print media/newspapers
39500.0,Law/Consulting
39394.35,Charities
39380.0,Home Improvement / Retail
39312.0,Craft beverage production
39300.0,Science - biology
39200.0,Music Retail
39000.0,Vetainary
39000.0,Sports/Live Music
39000.0,School Custodial
39000.0,News Production
39000.0,Homecare
39000.0,Design Wholesale
39000.0,Creative services
39000.0,BPO Company
38800.0,Theater/Arts Nonprofit
38615.0,Translation
38562.0,Early Childhood Education
38500.0,Testing/Inspection/Certification
38400.0,FL state gov't
38360.0,Private Medical Insurance
38360.0,Mobile phone retail
38014.0,Library/Academia
38000.0,wildlife conservation
38000.0,test development
38000.0,bookseller
38000.0,Title Examination
38000.0,Screen printing
38000.0,Parks and Recreation
38000.0,Jewelry
38000.0,Gig economy
38000.0,Fabric Design
38000.0,Customs/ Transportation
38000.0,Academia - human neuroscience
37999.5,Coaching
37701.0,Public School
37500.0,GLAM
37440.0,"Painting, Stucco"
37440.0,Office Admin
37352.0,Coffee Retail
37260.0,Biophysics
37000.0,Truck leasing
37000.0,"Retail, Customer Service"
37000.0,Heritage/Museums
37000.0,Front Desk
37000.0,Food Bank
37000.0,Family Owned Small Business- retail
37000.0,FInance/Call centre
37000.0,Dental Manufacturing
37000.0,Art gallery
36800.0,Higher edudation
36800.0,Fire Alarm System Sales and Service
36495.0,Brewery
36400.0,Graphics & printing
36200.0,Live Theatre
36200.0,Food - catering
36036.0,School Administration
36000.0,Wildlife Management
36000.0,Visual Arts (Nonprofit)
36000.0,Sort-of-Government-Run Performing Arts Nonprofit
36000.0,Massage
36000.0,Iibrary
36000.0,Diesel Fuel Injection Repair (specialty auto)
36000.0,Charitable fundraising organization
35779.0,SubPrime Finance
35750.0,Hotels
35724.0,Local Govt
35700.0,Home Owners Association Management
35620.0,Data tech
35576.0,Sport
35520.0,Heathcare administration
35445.0,Tech distribution
35400.0,Arts Organisation/books/NGO
35360.0,Waste removal
35360.0,Bicycle Retail
35000.0,Temporary staffing
35000.0,Small market radio
35000.0,Pharmacy/Health
35000.0,Permanent makeup
35000.0,Inspection
35000.0,Home management
35000.0,Health & Life insurance TPA
35000.0,Fabric
35000.0,Dry Cleaning
35000.0,Document Shredding
35000.0,Conveyor Manufacturing
35000.0,Coding
34999.0,Court/Government
34800.0,Liquor Retail
34646.0,Personal Banking
34505.0,Vehicle
34460.0,Florida State Government
34250.0,Estate Agency
34220.0,Music Rights
34200.0,Medical administration
34000.0,Marine resource management
33800.0,Propane
33500.0,Library (Government)
33500.0,Bicycle
33384.0,State Health and Human Services
33333.3333333333,Kar wash
33280.0,Tennis Club
33280.0,Herbal Supplements
33196.0,Home Decor Distribution
33040.0,Candle making
33000.0,Telecom Engineering & Design
33000.0,Tax/finance
33000.0,Retail - College Textbooks
33000.0,Quality Control
33000.0,Flooring Installation
33000.0,Business-to-Business Publishing
32880.0,Insolvency
32811.5,Library & Information
32606.6666666667,Religious Institution
32600.0,Community College
32572.0,Psychology research
32500.0,Television Advertising
32232.0,Law/Legal Aid
32133.3333333333,Retail Sales
32000.0,Postal Industry
32000.0,Machine operator
32000.0,Fasteners
32000.0,Computer sales/repair
32000.0,Bankruptcy
31860.0,De
31672.5,Bookselling
31200.0,Towing
31200.0,Inventory
31200.0,"Heating, Air & Electrical"
31200.0,"Colleges, Universities, and Professional Schools (611310)"
31000.0,USPS
31000.0,Retail-matress sales
31000.0,McDonalds
31000.0,Community recreation
30825.0,Probation Services
30090.0,Media and communications
30071.5,Cartography
30000.0,Sushi restaurant industry
30000.0,Speech-Language Pathologist
30000.0,Social media marketing
30000.0,Retail and Food Service
30000.0,Radio/ Media
30000.0,News
30000.0,Museum work
30000.0,Museum / Environmental Education
30000.0,Health food store
30000.0,Esthetics
30000.0,College Admissions
30000.0,Amazon
29866.0,reseach
29600.0,Lumberyard
29600.0,Finance? I guess
29484.0,IT/Gaming
29455.0,Medical Industry
29120.0,Self Storage
29000.0,Waitressing
28928.0,Medical transcription
28896.0,College Institution
28800.0,Wildlife Research
28500.0,Museums - Non-Profit
28288.0,Truck and coach
28006.0,Wellness
28000.0,Retail-remodeling
28000.0,Plant nursery/landscaping
28000.0,No profit
28000.0,Medical optimetry
28000.0,Graduate School
28000.0,Art/Picture Framing
27435.0,Factory
27400.0,Partitioning/construction
27400.0,Legal Expenses
27400.0,Home Fragrance
27000.0,office manager/tax prep
27000.0,Factory/Industrial
27000.0,DME
27000.0,Content Marketing
27000.0,Clinical laboratory testing
27000.0,Cellular sales
27000.0,Caring for developmentally disabled adults
26800.0,Travel Insurance
26706.0,Episcopal Church
26030.0,Attendance hardware/software
26009.45,UK Government
26000.0,Hospital food service
25920.0,Large Engine Maintenance and Engineering
25600.0,clothing distribution
25345.0,Energy Industry
25300.0,Tourism/Hospitality
25160.0,advocay work
25000.0,creative -- freelancing
25000.0,Ride share
25000.0,Camping
24660.0,Higher ed / university (Administrative)
24400.0,Corrugated Paperboard
24000.0,Vape Store
24000.0,Transcription
24000.0,Lab analyst & environmental
24000.0,IT Service
24000.0,Heavy lift
24000.0,HOA Management
24000.0,Child mental health
24000.0,Caregiving
23975.0,Debt management
23318.88,Office Professionals
23290.0,Nhs england
23290.0,IT and Retail
23000.0,County
22947.5,House Building
22000.0,Rope Manufacturing
21000.0,Telemessaging
21000.0,Front-Facing Customer Service
21000.0,Adult Foster Care
20202.0,Gardening
20000.0,Weekly community newspaper
20000.0,SCUBA Diving
20000.0,Geology/Environmental
20000.0,Craft Beer
19200.0,Textile + Restaurant
19200.0,Animal
19000.0,Gaming (Gambling)
18408.0,Reception
18000.0,Student Affairs
17810.0,Health and social care
17500.0,Luxury good
17400.0,Domestic
17000.0,bookstore
17000.0,Chiropractic
16500.0,fast food
16440.0,Cleaning
15600.0,Political Organization
14160.0,Realty
14080.0,Culinary
13700.0,dementia care
13500.0,Ice Rink Industry
12671.0,Energy Sector
12000.0,Coffee Shop
11666.6666666667,Student
10500.0,Sales distribution
10000.0,Volunteer Organization
10000.0,Liquor Sales
9000.0,babysitting
8880.0,ESOL Non-Profit
8000.0,Church Work
7535.0,Support Work
7500.0,"retail, part time"
7500.0,Equine
3000.0,County govt
2900.0,"Currently a student, but I work in my drama department scene shop for my work study job"
2345.0,Drug & Alcohol Nonprofit
2240.0,Retail Gocery
2100.0,HR Admin
2075.0,Art/entertainment
2000.0,on-campus employment
2000.0,"Student , kinda unemployed"
2000.0,Images and Data Entry
2000.0,Fitness/Health & Wellness
1350.0,Radiation safety
1250.0,Concert venues
600.0,Musician
100.0,Motherhood
52.0,Travel website company
48.0,City municipality
21.0,Brand ambassador
20.0,Cosmetic Sales
15.0,filmaking
14.4,Moving
13.0,Retail/Grocery
0.0,Unemployed
0.0,None
0.0,Charity sector
0.0,Care giver
